Fecha,Real,Prediccion,Error,Error_Absoluto,Error_%
2011-09-19,289258.331,215266.98,73991.36,73991.36,25.58
2011-09-26,206326.31100000002,258653.08,-52326.77,52326.77,25.36
2011-10-03,292227.77,230191.8,62035.97,62035.97,21.23
2011-10-10,218884.75,263895.42,-45010.67,45010.67,20.56
2011-10-17,263980.5,209471.99,54508.51,54508.51,20.65
2011-10-24,232707.63,268150.1,-35442.47,35442.47,15.23
2011-10-31,284365.15,257900.33,26464.82,26464.82,9.31
2011-11-07,348882.81,295712.91,53169.9,53169.9,15.24
2011-11-14,367399.52,303179.89,64219.63,64219.63,17.48
2011-11-21,303785.06,305518.35,-1733.29,1733.29,0.57
2011-11-28,299009.05,309710.34,-10701.29,10701.29,3.58
2011-12-05,290530.79,305071.01,-14540.22,14540.22,5.0
