YearWeek,Ventas,Unidades,Pedidos,Clientes,YearWeek_dt,Year,Month,WeekOfYear,Quarter,Lag_1,Lag_2,Lag_4,Rolling_Mean_4,Rolling_Mean_12
2010-02-22/2010-02-28,159423.722,87170,313,240,2010-02-22,2010,2,8,1,151388.392,88583.18000000001,147038.201,130260.01900000001,156558.90316666666
2010-03-01/2010-03-07,162660.2,94744,385,297,2010-03-01,2010,3,9,1,159423.722,151388.392,121644.782,140513.8735,150247.98483333332
2010-03-08/2010-03-14,137142.61000000002,69864,302,244,2010-03-08,2010,3,10,1,162660.2,159423.722,88583.18000000001,152653.731,143235.3756666667
2010-03-15/2010-03-21,155906.931,83064,342,268,2010-03-15,2010,3,11,1,137142.61000000002,162660.2,151388.392,153783.36575,135246.41908333334
2010-03-22/2010-03-28,160155.87,89016,392,317,2010-03-22,2010,3,12,1,155906.931,137142.61000000002,159423.722,153966.40275,144230.64491666667
2010-03-29/2010-04-04,151638.7,70918,307,213,2010-03-29,2010,3,13,1,160155.87,155906.931,162660.2,151211.02775,144374.36741666668
2010-04-05/2010-04-11,136540.09,78456,293,228,2010-04-05,2010,4,14,2,151638.7,160155.87,137142.61000000002,151060.39775,142666.91741666666
2010-04-12/2010-04-18,142627.061,78145,307,242,2010-04-12,2010,4,15,2,136540.09,151638.7,155906.931,147740.43025,142895.81158333333
2010-04-19/2010-04-25,164977.16,81629,384,285,2010-04-19,2010,4,16,2,142627.061,136540.09,160155.87,148945.75274999999,144390.7248333333
2010-04-26/2010-05-02,183082.271,95103,421,326,2010-04-26,2010,4,17,2,164977.16,142627.061,151638.7,156806.64549999998,149510.51558333336
2010-05-03/2010-05-09,159435.53,90549,340,255,2010-05-03,2010,5,18,2,183082.271,164977.16,136540.09,162530.5055,155414.87808333334
2010-05-10/2010-05-16,164098.78,94142,362,296,2010-05-10,2010,5,19,2,159435.53,183082.271,142627.061,167898.43525,156474.0770833333
2010-05-17/2010-05-23,142117.35,72038,338,265,2010-05-17,2010,5,20,2,164098.78,159435.53,164977.16,162183.48275,155031.87941666666
2010-05-24/2010-05-30,146482.12,84557,405,312,2010-05-24,2010,5,21,2,142117.35,164098.78,183082.271,153033.445,153683.70608333335
2010-05-31/2010-06-06,107571.48,58387,277,205,2010-05-31,2010,5,22,2,146482.12,142117.35,159435.53,140067.4325,151219.44525000002
2010-06-07/2010-06-13,186245.46,100669,456,364,2010-06-07,2010,6,23,2,107571.48,146482.12,164098.78,145604.10249999998,153747.656
2010-06-14/2010-06-20,136964.63,79279,337,265,2010-06-14,2010,6,24,2,186245.46,107571.48,142117.35,144315.9225,151815.05266666666
2010-06-21/2010-06-27,123020.6,61776,323,244,2010-06-21,2010,6,25,2,136964.63,186245.46,146482.12,138450.5425,149430.211
2010-06-28/2010-07-04,176480.37,100128,371,309,2010-06-28,2010,6,26,2,123020.6,136964.63,107571.48,155677.76499999998,152758.56766666667
2010-07-05/2010-07-11,150855.05,73270,346,265,2010-07-05,2010,7,27,3,176480.37,123020.6,186245.46,146830.1625,153444.23341666666
2010-07-12/2010-07-18,152229.34,80105,349,259,2010-07-12,2010,7,28,3,150855.05,176480.37,136964.63,150646.34,152381.91508333333
2010-07-19/2010-07-25,144980.7,79976,349,273,2010-07-19,2010,7,29,3,152229.34,150855.05,123020.6,156136.365,149206.78416666665
2010-07-26/2010-08-01,156016.82,74795,352,274,2010-07-26,2010,7,30,3,144980.7,152229.34,176480.37,151020.4775,148921.89166666666
2010-08-02/2010-08-08,123317.19,70468,313,252,2010-08-02,2010,8,31,3,156016.82,144980.7,150855.05,144136.0125,145523.4258333333
2010-08-09/2010-08-15,161148.72,91960,331,239,2010-08-09,2010,8,32,3,123317.19,156016.82,152229.34,146365.8575,147109.37333333332
2010-08-16/2010-08-22,166359.14,101899,336,261,2010-08-16,2010,8,33,3,161148.72,123317.19,144980.7,151710.4675,148765.79166666666
2010-08-23/2010-08-29,143347.69,79097,332,270,2010-08-23,2010,8,34,3,166359.14,161148.72,156016.82,148543.185,151747.1425
2010-08-30/2010-09-05,135478.59,72027,289,229,2010-08-30,2010,8,35,3,143347.69,166359.14,123317.19,151583.535,147516.56999999998
2010-09-06/2010-09-12,129546.42,71020,310,261,2010-09-06,2010,9,36,3,135478.59,143347.69,161148.72,143682.96000000002,146898.38583333333
2010-09-13/2010-09-19,154605.241,89871,390,301,2010-09-13,2010,9,37,3,129546.42,135478.59,166359.14,140744.48525000003,149530.43925
2010-09-20/2010-09-26,233599.69,130554,475,319,2010-09-20,2010,9,38,3,154605.241,129546.42,143347.69,163307.48525,154290.38258333332
2010-09-27/2010-10-03,272800.99,145002,549,409,2010-09-27,2010,9,39,3,233599.69,154605.241,135478.59,197638.08525,164452.54425
2010-10-04/2010-10-10,246586.95,144502,527,409,2010-10-04,2010,10,40,4,272800.99,233599.69,129546.42,226898.21775,172315.67841666666
2010-10-11/2010-10-17,301946.19,162920,560,446,2010-10-11,2010,10,41,4,246586.95,272800.99,154605.241,263733.455,185396.13591666668
2010-10-18/2010-10-24,238095.33000000002,119197,552,434,2010-10-18,2010,10,42,4,301946.19,246586.95,233599.69,264857.365,192236.01174999998
2010-10-25/2010-10-31,207897.81,103994,471,385,2010-10-25,2010,10,43,4,238095.33000000002,301946.19,272800.99,248631.57,199284.39674999999
2010-11-01/2010-11-07,256743.0,134662,524,403,2010-11-01,2010,11,44,4,207897.81,238095.33000000002,246586.95,251170.58250000002,207250.58675
2010-11-08/2010-11-14,346600.721,155916,658,491,2010-11-08,2010,11,45,4,256743.0,207897.81,301946.19,262334.21525,222270.71850000005
2010-11-15/2010-11-21,337479.471,162977,633,503,2010-11-15,2010,11,46,4,346600.721,256743.0,238095.33000000002,287180.25049999997,238448.3669166667
2010-11-22/2010-11-28,293481.72000000003,138149,682,541,2010-11-22,2010,11,47,4,337479.471,346600.721,207897.81,308576.228,251615.29441666664
2010-11-29/2010-12-05,483604.57,222094,651,465,2010-11-29,2010,11,48,4,293481.72000000003,337479.471,256743.0,365291.6205,281120.14025
2010-12-06/2010-12-12,468892.1,182090,524,403,2010-12-06,2010,12,49,4,483604.57,293481.72000000003,346600.721,395864.46525,307310.71183333336
2010-12-13/2010-12-19,208325.75,103631,444,336,2010-12-13,2010,12,50,4,468892.1,483604.57,337479.471,363576.03500000003,305204.5501666667
2010-12-20/2010-12-26,85875.41,36398,158,85,2010-12-20,2010,12,51,4,208325.75,468892.1,293481.72000000003,311674.4575,289627.41849999997
2011-01-03/2011-01-09,129547.12,73198,241,206,2011-01-03,2011,1,1,1,85875.41,208325.75,483604.57,223160.095,279874.0993333334
2011-01-10/2011-01-16,151624.19,74105,253,209,2011-01-10,2011,1,2,1,129547.12,85875.41,468892.1,143843.1175,267347.266
2011-01-17/2011-01-23,133917.63,68410,231,186,2011-01-17,2011,1,3,1,151624.19,129547.12,208325.75,125241.0875,258665.791
2011-01-24/2011-01-30,122902.7,61184,292,244,2011-01-24,2011,1,4,1,133917.63,151624.19,85875.41,134497.91,251582.86516666668
2011-01-31/2011-02-06,120595.07,62480,295,245,2011-01-31,2011,1,5,1,122902.7,133917.63,129547.12,132259.8975,240237.20433333333
2011-02-07/2011-02-13,92503.68000000001,43293,220,182,2011-02-07,2011,2,6,1,120595.07,122902.7,151624.19,117479.77000000002,219062.45091666665
2011-02-14/2011-02-20,140088.27,74742,293,233,2011-02-14,2011,2,7,1,92503.68000000001,120595.07,133917.63,119022.43000000001,202613.18416666667
2011-02-21/2011-02-27,143810.08,78932,287,244,2011-02-21,2011,2,8,1,140088.27,92503.68000000001,122902.7,124249.275,190140.54750000002
2011-02-28/2011-03-06,127710.33,66474,284,242,2011-02-28,2011,2,9,1,143810.08,140088.27,120595.07,126028.09,160482.69416666665
2011-03-07/2011-03-13,127906.57,65855,292,228,2011-03-07,2011,3,10,1,127710.33,143810.08,92503.68000000001,134878.8125,132067.23333333334
2011-03-14/2011-03-20,145093.36000000002,74325,336,267,2011-03-14,2011,3,11,1,127906.57,127710.33,140088.27,136130.08500000002,126797.86750000001
2011-03-21/2011-03-27,146025.47,75375,323,268,2011-03-21,2011,3,12,1,145093.36000000002,127906.57,143810.08,136683.93250000002,131810.37250000003
2011-03-28/2011-04-03,181397.22,94867,356,278,2011-03-28,2011,3,13,1,146025.47,145093.36000000002,127710.33,150105.65500000003,136131.21416666667
2011-04-04/2011-04-10,123450.98,66293,315,265,2011-04-04,2011,4,14,2,181397.22,146025.47,127906.57,148991.7575,133783.44666666668
2011-04-11/2011-04-17,145198.361,83043,367,301,2011-04-11,2011,4,15,2,123450.98,181397.22,145093.36000000002,149018.00775,134723.50758333332
2011-04-18/2011-04-24,114740.79,62295,266,219,2011-04-18,2011,4,16,2,145198.361,123450.98,146025.47,141196.83775,134043.34841666667
2011-04-25/2011-05-01,83617.48,47477,212,171,2011-04-25,2011,4,17,2,114740.79,145198.361,181397.22,116751.90275000001,130961.88258333334
2011-05-02/2011-05-08,136444.25,73672,361,287,2011-05-02,2011,5,18,2,83617.48,114740.79,123450.98,120000.22025000001,134623.59675
2011-05-09/2011-05-15,204154.43,105123,431,308,2011-05-09,2011,5,19,2,136444.25,83617.48,145198.361,134739.2375,139962.44341666668
2011-05-16/2011-05-22,210074.8,103094,450,347,2011-05-16,2011,5,20,2,204154.43,136444.25,114740.79,158572.74,145484.50341666667
2011-05-23/2011-05-29,141794.43,69308,345,258,2011-05-23,2011,5,21,2,210074.8,204154.43,83617.48,173116.9775,146658.17841666666
2011-05-30/2011-06-05,117473.79000000001,57384,259,212,2011-05-30,2011,5,22,2,141794.43,210074.8,136444.25,168374.3625,145788.78008333335
2011-06-06/2011-06-12,175500.25,90447,406,334,2011-06-06,2011,6,23,2,117473.79000000001,141794.43,204154.43,161210.8175,148322.68758333335
2011-06-13/2011-06-19,183639.88,97085,366,283,2011-06-13,2011,6,24,2,175500.25,117473.79000000001,210074.8,154602.08750000002,151457.22175
2011-06-20/2011-06-26,129383.38,72181,334,263,2011-06-20,2011,6,25,2,183639.88,175500.25,141794.43,151499.325,147122.73508333333
2011-06-27/2011-07-03,117301.37,68511,281,204,2011-06-27,2011,6,26,2,129383.38,183639.88,117473.79000000001,151456.22,146610.26758333333
2011-07-04/2011-07-10,170136.84,87699,359,268,2011-07-04,2011,7,27,3,117301.37,129383.38,175500.25,150115.3675,148688.47416666665
2011-07-11/2011-07-17,132720.53,79546,326,262,2011-07-11,2011,7,28,3,170136.84,117301.37,183639.88,137385.53,150186.78583333333
2011-07-18/2011-07-24,188398.91,103926,356,280,2011-07-18,2011,7,29,3,132720.53,170136.84,129383.38,152139.4125,158918.57166666666
2011-07-25/2011-07-31,178594.751,98939,343,276,2011-07-25,2011,7,30,3,188398.91,132720.53,117301.37,167462.75775,162431.11341666666
2011-08-01/2011-08-07,160387.51,93156,313,274,2011-08-01,2011,8,31,3,178594.751,188398.91,170136.84,165025.42525,158783.8700833333
2011-08-08/2011-08-14,167355.08,94966,272,224,2011-08-08,2011,8,32,3,160387.51,178594.751,132720.53,173684.06274999998,155223.89341666666
2011-08-15/2011-08-21,168346.94,92214,318,276,2011-08-15,2011,8,33,3,167355.08,160387.51,188398.91,168671.07025,157436.60258333333
2011-08-22/2011-08-28,160908.46,93002,360,299,2011-08-22,2011,8,34,3,168346.94,167355.08,178594.751,164249.4975,161056.15841666664
2011-08-29/2011-09-04,145412.25,73368,286,226,2011-08-29,2011,8,35,3,160908.46,168346.94,160387.51,160505.6825,158548.82508333333
2011-09-05/2011-09-11,187819.13,106862,393,313,2011-09-05,2011,9,36,3,145412.25,160908.46,167355.08,165621.695,158897.09591666667
2011-09-12/2011-09-18,219382.99,113632,362,302,2011-09-12,2011,9,37,3,187819.13,145412.25,168346.94,178380.7075,166397.06341666667
2011-09-19/2011-09-25,289258.331,150571,465,384,2011-09-19,2011,9,38,3,219382.99,187819.13,160908.46,210468.17525,180726.81016666666
2011-09-26/2011-10-02,206326.31100000002,116426,442,374,2011-09-26,2011,9,39,3,289258.331,219382.99,145412.25,225696.6905,183742.59941666666
2011-10-03/2011-10-09,292227.77,152855,491,389,2011-10-03,2011,10,40,4,206326.31100000002,289258.331,187819.13,251798.8505,197034.86941666668
2011-10-10/2011-10-16,218884.75,114594,455,363,2011-10-10,2011,10,41,4,292227.77,206326.31100000002,219382.99,251674.2905,199575.35608333335
2011-10-17/2011-10-23,263980.5,147556,447,362,2011-10-17,2011,10,42,4,218884.75,292227.77,289258.331,245354.83275,206690.83516666666
2011-10-24/2011-10-30,232707.63,133538,520,418,2011-10-24,2011,10,43,4,263980.5,218884.75,206326.31100000002,251950.1625,212717.51183333332
2011-10-31/2011-11-06,284365.15,149588,530,440,2011-10-31,2011,10,44,4,232707.63,263980.5,292227.77,249984.5075,222468.351
2011-11-07/2011-11-13,348882.81,174792,639,516,2011-11-07,2011,11,45,4,284365.15,232707.63,218884.75,282484.0225,237513.00683333332
2011-11-14/2011-11-20,367399.52,180467,686,567,2011-11-14,2011,11,46,4,348882.81,284365.15,263980.5,308338.7775,254720.59516666667
2011-11-21/2011-11-27,303785.06,152549,617,490,2011-11-21,2011,11,47,4,367399.52,348882.81,232707.63,326108.135,267918.32933333336
2011-11-28/2011-12-04,299009.05,146545,658,514,2011-11-28,2011,11,48,4,303785.06,367399.52,284365.15,329769.11,277184.156
2011-12-05/2011-12-11,290530.79,150043,504,413,2011-12-05,2011,12,49,4,299009.05,303785.06,348882.81,315181.105,283113.13933333335
